2,エクスペリエンス
2,テレワーク
2,利用者
2,APM
1,CLOUD
2,37.80%
2,SaaS
1,クラウド・コンピューティング
2,カスタマー
2,法人向け
2,ネットワーク機器
2,2019年度
2,ブレイン
2,スモールビジネス
2,日本
1,UQ mobile
2,DoCoMo
2,タイプ別
2,ソリューション
2,new normal
2,日本企業
1,オープンテキスト
2,IT
2,デル
2,3人
2,担当者
2,野村総合研究所
2,BCP
2,2021年
2,With
2,深堀
2,ロードマップ
2,コロナ禍
1,AI
2,VIEW
2,90%
2,2020年
1,人工知能
2,アクセンチュア
1,CRM
2,調査結果
2,6.20%
2,事業継続計画
1,メルペイ
2,将来的
2,意識調査
2,CIO
2,コンピューティング
2,無料レポート
2,国内企業
1,SFA
2,従業員
2,実態調査
1,パブリッククラウド
2,新型コロナウイルス感染症
2,第1弾
2,中堅企業
2,18%
2,ガートナー
2,成長率
2,1人
2,IIJmio
2,ぱんでみっく!!
2,47%
2,新型コロナウイルス
1,サービスロボット
2,1位
2,accenture
1,CROWD
2,4割
1,システム開発
2,市場規模
2,テラデータ
2,エンゲージメント
2,緊急事態宣言
1,RSA
2,日本郵政
2,コンバージョン
2,業務用
2,CM
2,Ux
1,CRM
2,実店舗
2,ZOZO
2,フラワーショップ
2,新サービス
2,AKB48
2,フィナンシャル
1,Web
2,うちでのこづち
2,利用者
2,フューチャーショップ
2,協議会
2,オンラインショップ
1,電通デジタル
2,第1弾
1,スマホ
1,Adobe
2,通販サイト
2,ソリューション
1,Core
1,au PAY
2,サステナビリティ
2,DNP
2,自動化
2,物流子会社
2,BY
2,カゴ
2,移動型
2,@cosme
2,BVLGARI
2,前年比
2,ネットショップ
1,アドネットワーク
2,新木優子
2,スペシャルイベント
2,3.50%
2,100万人
2,Cookie
2,コツ
2,YAMATO
2,凸版印刷
2,コラボ
2,成
2,戦略的
1,HD
1,ITS
1,AI
2,プラグイン
1,メタバース
1,QR
2,ブランド力
2,日本
1,4G
2,アフィリエイト
2,養殖業
2,898回
2,東急不動産
2,越前そば
2,AKB
2,ビックカメラ
2,世界観
2,月商
2,提供開始
2,100万
2,カルチュア・コンビニエンス・クラブ
2,1億円
2,自社
1,ルビー
2,コロナ禍
2,EC
2,キヤノン
2,付加価値
2,エービーシー・マート
2,9月
1,Yahoo!ショッピング
2,シリコンバレー
2,BASE
2,美術手帖
1,メルカリ
2,業界初
2,Beauty
2,アイスタイル
2,日比谷花壇
2,3回
2,GMOペパボ
1,Twitter
2,限定アイテム
2,PayPayモール
2,米
1,ECサイト
2,鬼滅の刃
2,オンワード
2,クリスマスイベント
2,50点
2,コスメ
2,BGP
2,ノー・コード
2,0円
2,住友商事
1,LINE
2,リアル
2,消費者
2,.com
2,オールイン
2,日本全国
1,VR
2,期間限定
2,伊勢丹
2,ワークマン
2,ZOZOMAT
2,実証実験
2,ZOZOTOWN
2,DG
2,3倍
2,メンズコスメ
2,for
2,11月9日
2,Links
2,3割
1,Facebook
2,中間期
2,9100万円
1,Google
1,決済サービス
2,宅麺.com
2,特設サイト
2,イフジ産業
2,5%
2,新宿
2,21年
2,マイクロツーリズム
2,18.80%
2,エノテカ
1,smartphone
2,OIL
2,プロリーグ
2,M4
1,xbox
2,第2弾
2,出場給
1,PlayStation VR
2,日本
2,サウジアラビア
2,8K
1,Amazon
2,1か月
2,東京ゲームショウ
2,アップグレード
2,Anniversary!!
1,Galaxy
2,基調講演
2,67回
2,1万円
2,ヘッドセット
2,結果発表
1,CLOUD
2,UNITCOM
1,ゲーミングPC
2,11発
2,GUNDAM
2,ASUS
2,ドスパラ
2,CEO
2,4回
2,2回
2,日本ゲーム大賞
2,日
2,イラストコンテスト
2,対象製品
2,イケア
2,10月16日
2,11月3日
2,MONG HANG
2,周
2,法人向け
1,Ryzen
2,地味ハロウィン
2,限定発売
2,6万円
1,WF-1000x
1,RTx
2,パワポケ
2,Blade
2,TGS
2,動画投稿
2,USJ
2,モンスト
2,PCケース
2,秋の
2,提供開始
2,デル
2,OC
1,PayPay
1,AMD
2,BTO
2,500円
2,国際交流
2,サイコム
2,10月10日
1,GIGABYTE
2,BenQ
1,Intel
2,マウスコンピューター
1,PC
2,Amazonギフト券
2,GPU
2,ポイント還元
2,DM
2,第1弾
2,RPG
2,観戦記
2,ソニー
2,周辺機器
2,ハロウィン
2,11日
2,eスポーツ
2,8インチ
2,Marvelrs
2,VR
2,NVIDIA
2,アリゾナ
2,第3弾
2,25周年
2,46本
2,ツシマ
2,2024年
2,THIRDWAVE
2,感謝セール
2,11月8日
2,サードウェーブ
2,2022年
2,1周年
2,Radeon
1,Windows
2,MSI
2,パソコン工房
2,29周年
2,岡安
2,感謝祭
2,期間限定
2,10万円
2,3世代
2,supply chain
2,MIT
2,15億円
2,集合住宅
2,ボッシュ
2,孝哉
2,Arc
2,社名変更
1,アクションカメラ
2,堀井
2,Boo
2,C1
2,堅木
2,東京ドーム
2,Kraken
2,The Startup
2,スタートアップ企業
2,tron
2,最上位
2,起業家
2,CEO
2,OVERHEAT
2,文化革命
2,グランド・セフト・オート・サンアンドレアス
2,ksh
2,4億円
2,Niantic
2,グッドイヤー
1,VR
1,Google LLC
2,Polar
2,C調
2,IT企業
2,CELL
2,マンガワン
2,TikTok
2,Action
2,460km
2,米
2,The The
2,株式公開
2,小学館
2,G20
1,CROWD
2,Tokyo
1,Web
2,特化
2,筑波大学
2,Between
2,音声通話
2,世界初
2,大阪
2,ホリゾンタル
2,ベータ版
2,Zero
1,SNS
2,マレーシア
2,ピクミン
2,透明性
2,3億円
2,CK
2,15%
2,金属加工
2,東京都
2,8億円
2,アウディ
2,x
1,ECサイト
2,スバル
2,BLOOM
2,DiA
1,DESKTOP
1,Twitter
2,バイオテック
2,Oculus
2,戦略的
2,IPO
2,自動運転
2,BLUE
2,糖尿病
1,Facebook
2,5倍
2,業務提携
2,Op.
1,AR
2,水上タクシー
2,ドイツ
2,20万円
2,30日間
2,ソーラーパネル
2,単三
2,英語版
2,取引所
2,最後通牒
2,モバイルゲーム
2,ザッカーバーグ
2,国土交通省
2,アプリ
2,3800万円
2,89億円
2,コラボ
2,鬼頭政人
2,価値観
2,20兆円
2,82億円
2,検討会
2,ヘッドセット
1,SkyDrive
2,武地
2,ラズパイ
2,MV
2,Creator
2,トヨタ
2,Atmos
2,開発中
2,100年
2,Peak
2,企業価値
2,投資家
2,型式証明
2,国際宇宙ステーション
2,スマート
2,フォロワー
2,プレ
2,地域課題
2,マーケットプレイス
2,Aurora
1,生体認証
2,20%
1,Social Network
2,STAY
2,ポルシェ
2,人工衛星
2,サブスクリプション
2,第3四半期
2,Hackathon
2,BY
1,Facebook Messenger
2,指数関数
2,Slack
2,一人称視点
2,ID
2,自動運転技術
2,さりげなく
2,発売予定
2,ベイエリア
2,Orbital
2,東京
2,teslla
2,M&A
2,保健指導
2,ピクサー
2,メタバース
2,ゴードン・ベル賞
2,LinkedIn
2,TC
2,OKI
2,ローリング・ストーンズ
2,植物由来
2,機械学習
1,人工知能
2,超音波
2,6500万円
2,独立系
2,BL
2,共同開発
2,7億円
1,Android
2,ベルトドライブ
2,FB
2,子供達
2,資金調達
2,Swip
2,高速化
2,世界展開
2,20km
2,インド
2,走行距離
2,健太
1,Boston Dynamics
2,創
2,リン
2,京急電鉄
2,ケビン・デュラント
2,Age
2,NEUTRINO
2,3D
2,9億円
2,2022年
2,ティム・バーナーズ＝リー
2,UI
2,離職率
2,クエスト
2,法学者
2,Raspberry Pi
2,VC
2,任天堂
2,2億円
2,空の駅
2,表記ゆれ
2,リモートワーク
1,Amazon
2,スマホ
2,機密情報
2,メキシコ
2,ドナルド・トランプ
2,可視化
2,TSA
2,SaaS
2,日本初
1,Adobe
2,OSS
2,篠塚
2,2025年
2,最終候補
1,iOS
2,交渉中
2,340億円
2,WWW
2,対応力
1,Smart Watch
2,ロボットアーム
2,B・I・R・D
2,令和
2,メルセデス
2,メガベンチャー
2,くら寿司
2,ウィル・スミス
2,フィットネス
2,eスポーツ
2,東京大学
2,バーチャルオフィス
2,40億円
2,翔太
2,ガチ
2,フリーランス
2,証券取引委員会
2,DJI
2,2D
2,ISSUES
2,東大
2,Uber
2,Oculus Quest
2,CHAMBER
2,開発者
2,ショーン・コムズ
2,EV
2,技術者
2,Mastodon
2,日本
2,11月4日
1,AI
2,イスラエル
2,10万人
2,企業イメージ
2,電動アシスト自転車
2,気候変動
2,デルタ航空
2,ベニオフ
2,トレーサビリティ
2,ARTS
2,フィットネスアプリ
2,3000万円
2,多言語
2,航続距離
2,UNICORN
2,東京理科大学
2,アムステルダム
2,日立
2,5億円
2,M1
1,OS
2,FTP
1,Google
2,互換性
2,小国町
2,大塚商会
2,米国
2,39回
2,10月
2,Overflow
2,BIND
1,JavaScript
1,AI
1,Ubuntu
2,Movable Type
1,Microsoft Excel
2,マクニカ
2,LITE
2,1位
2,UCS
2,新バージョン
2,アップグレード
2,中小企業
2,Webブラウザ
2,Androidアプリ
2,SCSK
2,TSV
1,Pentium 4
2,Webサーバ
2,85回
2,2021年
2,ノー・コード
2,情報サービス
1,GUI
1,Visual Studio Code
2,ベータ版
2,CSV
2,Bluetooth
2,熊本県
2,技術者
2,41回
2,更新プログラム
2,脆弱性
2,DESKTOP
2,9
2,API
2,PowerShell
2,提供開始
1,iPadOS
2,JPCERT/CC
1,Webサイト
1,VSCode
1,FaceTime
2,アノテーション
1,AWS
2,Ryzenプロセッサ
2,概念実証
2,fishing
1,Python
1,Google Chrome
2,BLUE
2,NEC
2,AMD
2,認定試験
2,16回
2,人材育成
1,Web
2,データ型
2,11月
1,iOS
1,C言語
2,8件
2,ヒグチユウコ
2,SPEED
2,ロー
2,TSUBAME
2,定点観測
2,誤判断
1,iPhone
1,Windows 7
1,Chrome
1,Microsoft
2,October
1,Windows
1,Adobe
2,9月
2,PRISM
2,テスト自動化
2,CMS
1,Java SE
2,阿蘇
2,Fold
2,Oracle
1,Mac
2,最新版
2,ASTERIA
2,OpenStack
1,翻訳ソフト
1,Linux
2,低価格版
2,AZURE
2,インジェクション
1,macOS
1,iPad
1,Cloudflare
1,Open Source
2,増加傾向
1,Windows 10
1,iPhone
1,Microsoft Excel
2,ノー・コード
2,データ型
2,2021年
1,Python
2,AZURE
2,OpenStack
2,SPEED
2,CMS
2,小国町
1,Web
1,VSCode
2,Webサイト
1,FaceTime
2,API
2,BLUE
2,誤判断
1,Windows
2,NEC
2,LITE
1,Cloudflare
2,9
2,8件
2,Oracle
2,ベータ版
2,OS
2,マクニカ
2,Pentium 4
2,Webサーバ
2,アノテーション
1,Windows 10
2,モーダル
1,Ubuntu
2,アプリ
2,Webブラウザ
2,インジェクション
2,Open Source
2,人材育成
2,41回
1,iPad
2,異常検知
2,プログラミング言語
2,37回
2,1位
1,Visual Studio Code
2,PRISM
1,iOS
2,M1
2,DESKTOP
2,BIND
1,Ryzenプロセッサ
1,情報サービス
2,16回
2,AMD
2,Bluetooth
1,Java SE
2,fishing
2,東芝
2,ASTERIA
1,macOS
2,互換性
2,17回
2,時系列
2,Folder
2,技術者
1,iPadOS
2,C言語
2,ロー
2,脆弱性
2,NTTレゾナント
1,OneDrive
2,最新版
1,Adobe
2,Androidアプリ
2,85回
2,熊本県
1,Amazon
1,Windows 7
2,UCS
2,11月
2,SCSK
2,TSV
2,米国
2,低価格版
2,10月
2,更新プログラム
2,ヒグチユウコ
2,大塚商会
2,概念実証
2,39回
2,阿蘇
2,アップグレード
1,AWS
1,Microsoft
2,October
1,Linux
2,増加傾向
1,Google Chrome
1,JavaScript
2,30年
2,11回
2,提供開始
1,AI
2,Movable Type
2,認定試験
2,CSV
2,中小企業
1,Mac
2,tweet
2,Japan
2,デジタル通貨
2,性差別
2,製造業
2,me-me
2,日本IBM
2,13
2,参加者
2,プレイリスト
1,Spyware
2,Struggle
2,The The
2,CO2
2,福利厚生
2,Oculus
2,カリフォルニア
2,ドローン
2,5800万円
2,衛星画像
2,Magic
2,内閣府
1,CROWD
2,AD
2,ニューヨーク市長
2,2021年
2,業務提携
2,3D
2,大阪大学
2,Bluetooth
2,人間活動
2,任天堂
2,supply chain
2,ストリーミング
2,米連邦地裁
2,3億円
2,機械学習
2,ヘッドセット
2,商品開発
2,for
2,専門家
2,地上最強
2,ナイキ
2,GAMES
2,Bitcoin
2,クラシックカー
2,実証実験
2,Mavic
2,GO 2
1,Google Play
2,議決権
2,ID
2,6億円
2,SaaS
2,実店舗
2,IBM
1,VR
2,Fujitsubo
2,10年
2,反トラスト
2,金融機関
1,Googleフォト
2,podcast
2,3月1日
2,創薬
2,F-15
2,報奨金
2,NASA
2,学生ローン
2,生配信
2,99億円
2,スナイパーライフル
2,無人運転
2,アスリート
2,東京都
2,Swip
1,Facebook
2,取引所
2,ナイジェリア
2,teslla
2,マイクロソフト
1,Spotify
2,TECH
2,FinTech
1,ランサムウェア
2,Spartan
2,オフィシャルショップ
2,幼児教育
2,開発者
1,iPhone
2,韓国
2,保険会社
2,異音
1,Google
2,ホームプロ
2,創業者
2,3日
2,アダムズ
2,防犯カメラ
2,LINE
2,イーサリアム
2,可視化
2,BTS
2,マーク・キューバン
2,英国労働党
2,Lyft
2,TC
2,ゲームコントローラ
2,44万円
2,Turion
2,可能性
2,世界観
2,12月2日
2,財務会計
2,組織力
2,Sofar
2,CROLLA
2,Azure
2,ドイツ
2,研究グループ
2,持続可能性
2,中国
2,消費者
2,2億円
1,iOS版
2,社会性
2,eスポーツ
2,サイバー攻撃
2,提供開始
2,建設現場
2,CEO
2,第3四半期
2,アンド
2,API
2,Scale
2,Agatha
2,CME
2,自動運転
2,募集中
2,ギグワーカー
2,7億円
2,エリック
2,国務省
2,マイアミ市長
2,AKUA
2,Creator
2,訪問介護
2,情報提供
2,電動スクーター
2,トヨタ自動車九州
2,エアロバイク
2,連邦政府
2,分社化
2,EV
2,Pegasus
2,外骨格
2,UNICORN
2,4億円
2,SUV
2,米
2,信頼性
2,クマムシ
2,Lime
1,Twitter
2,7500万円
2,Nintendo
2,投資会社
2,アクセシビリティ
2,科学者
2,IPO
2,不正行為
2,大丸梅田店
2,自社
2,生活支援
2,ケニア
2,低軌道
2,AND
2,リコー
2,建設業界
2,デブリ
1,課金システム
2,米国
2,ワンストップ
2,MIT
1,Google LLC
2,The Startup
2,58億円
2,78件
2,One
2,アプリ
2,核融合
2,DJI
2,フォード
2,Cyber Agent
2,感染対策
2,キャシー・松井
2,NSO
2,インド
1,アクセラレータープログラム
2,コロナ禍
2,28億円
2,乱流
2,TOKYO
2,Hackathon
2,三菱UFJ銀行
2,40億円
2,ピックアップトラック
2,資金調達
2,トレッド
2,核融合科学研究所
2,開催決定
2,オープンデータ
2,副社長
2,保険代理店
2,Crowd Funding
2,Space1
2,制裁金
1,CLOUD
2,東急ハンズ
1,Windows 7
2,サッポロビール
2,Lightning
2,1億円
2,11月
2,新規上場
2,電気自動車
2,バイデン
2,位置情報
2,証券取引
2,カリフォルニア大学
2,ロボットスーツ
1,OneDrive
2,eコマース
2,介護保険
2,サンフランシスコ
2,Uber
2,11億円
2,気候変動
2,基調講演
1,AI
2,丸紅
2,2021年度
2,12月
2,認知機能
2,デジタル化
2,グレードアップ
2,DESKTOP
2,3回
2,10回
2,ヒートマップ
2,2022年
2,ボーイズ・クラブ
2,高齢者
2,Beauty
2,D2
2,会社設立
2,日本IBM
2,地域活性化
2,コミュニケーション戦略
2,位置情報
2,CA
2,KPI
2,DM
2,提供開始
2,裕介
1,YouTube
2,ユーグレナ
2,消費者
2,BeneFit
2,ニュースランキング
1,電通デジタル
2,ソリューション
2,原田
2,CM
2,総合研究所
2,武田
2,唯一無二
1,Instagram
2,9割
2,参加無料
1,Twitter
2,串カツ田中
2,CCCマーケティング
2,ユニリーバ
2,99.70%
2,鳥貴族
2,北見
2,住友商事
2,トリドール
1,SNS
2,日本マイクロソフト
2,サッポロビール
2,コロナ禍
2,MV
2,SDGs
2,社会参加
2,双雲
2,ビッグデータ
2,松竹
1,AI
2,武田双雲
2,Socl
2,ホットリンク
2,テレビショッピング
2,ブランディング
2,曜平
2,コアなファン
2,CyberAgent
2,2021年
2,サイバー・バズ
2,H2
2,1位
1,管理ツール
2,TOP
2,共同開発
2,7割
2,電通
2,商品開発
2,9月
2,セールスフォース・ドットコム
2,書道家
2,ジェイ
2,LINE
2,インフルエンサー
2,コンテクスチュアル
2,GO
2,マーケ
2,フィリップ・コトラー
2,TRILL
2,高速化
1,Python
2,Vue
2,CMS
2,提供開始
2,OpenStack
1,Django
2,感情移入
2,ソフトウェアテスト
1,Google
1,Amazon EC2
2,技術者
2,Open Source
2,11月
1,Microsoft
2,ON
2,フロントエンド
2,Oracle
2,最適化
2,JS
2,ヘッドレス
2,JAPAN
2,人工知能
2,データサイエンス
2,10月
1,マルチデバイス
2,自動化
1,Visual Studio Code
1,CLOUD
2,IT用語
1,TypeScript
2,2021年
2,Webページ
1,AWS
2,DB
2,IDE
1,Amazon
2,for
2,サーバレス
2,CONNECT
1,Webアプリケーションフレームワーク
1,GitHub
2,Android標準ブラウザ
1,MongoDB
2,認定試験
2,2
2,OpenID
2,Kubernetes
2,Mango
2,バックエンド
2,DASH
2,C5
2,拡張機能
2,chuya-online.com
1,Yahoo!ショッピング
2,PayPayモール
2,サステなストア
1,VeriTrans4G
2,SUZURI
2,越前そばの里
2,OIL by 美術手帖
2,NO COFFEE
2,実店舗以上のサービス
2,モノゴトオンラインショップ
1,BGP監視サービス
2,AKBBeauty For MEN
1,au PAY マーケット
2,自動販促オプション
2,うちでのこづち
1,カゴ落ちシステム
1,メルロジ
1,メルカリ
1,Meta
2,ZOZOTOWN
1,ZOZOMO
1,ZOZOMAT for Hands
2,HIBIYA KADAN
2,YAMATO FOOD MARKET
2,宅麺.com
2,LINEチラシ
1,Adobe Fonts
2,料金
2,サービス
2,効果実感
2,世界観
2,ZOZOCOSME
2,HOLIDAY COLLECTION
2,T?Ps
1,Pinned Links
2,STORES
2,workmanムービー
2,visumo
2,@cosme BEAUTY DAY
2,StoreMotion冬レビューキャンペーン
2,私のパソコン見てほしい動画投稿キャンペーン
1,WF-1000xM4
2,#プレイステーションで地味ハロウィン
2,ハロウィンセール
2,モンスト プロリーグ 2021
2,出場給
2,大感謝セール
1,ePARA
2,Windows 11発売記念セール 第1弾
2,周年祭
2,第2回raytrekイラストコンテスト
2,raytrektab 8インチモデル
2,東京ゲームショウ2021
2,秋売り尽くしセール第2弾
2,全国都道府県対抗 eスポーツ選手権 2021
2,お客様感謝セール
2,秋の感謝祭2021
2,PC買取・下取り
2,秋の感謝セール
2,秋のノートPCフェア
2,eスポーツ観戦記
2,日サeスポーツマッチ
1,Viper 8K
2,Razer オータムセール
2,Marvel's Guardians of the Galaxy
2,ノートPC購入応援キャンペーン
1,GALLERIA
2,デジタルの日
2,日本ゲーム大賞
2,raytrektab 8インチモデル
2,GAME FLOAT
1,Cloud Stinger
1,THIRDWAVE Pro DM5010
2,健康支援サービス（MIRAMED）
2,マンガワン
1,UMITORN CELL
2,くら寿司
1,富岳
2,ユニコーン恐怖症
2,バーチャルオフィス
2,Supernatural
2,The Exponential Age
2,Salted
2,生体機能チップ
2,インパクト
2,Project Cambria
2,怒りの絵文字
2,スーパーフォロー
1,Inrupt
2,bZ4x
2,不動産共通ID
2,不動産IDルール検討会
2,e-tron
2,空飛ぶクルマ
2,美術倉庫
2,スペース
2,ホリゾンタルSaaS カオスマップ 2021
2,Pikmin Bloom（ピクミン ブルーム）
1,Peak Pro
1,Labs
2,Quest 2
2,Polar
2,グランド・セフト・オート・サンアンドレアス
2,Oculus
1,Meta
2,Action 2
2,発酵
2,感じる
2,空の駅BrakTooth
2,ヒグミン
2,Ver.3.0
1,dotData
2,UiPath Dx 人材育成トレーニング
1,PowerToys バージョン0.49.0
1,metabase
1,Find My Mouse
1,Discourse
1,Azure Maps
1,Mendix
1,TestComplete
2,TSUBAMEレポート OverflowAI suite
1,BrakTooth
2,ANDPADアプリマーケット
1,ActRecipe
1,SumiROBO
2,Hooked
2,ナイキスポーツリサーチラボ
2,メタ
2,The Wires of War: Technology and the Global Struggle for Power
1,Kyndryl
1,Guardians Collective
2,持続可能性
2,スペース
2,ころやわ
2,音
2,ワクチン・検査パッケージ
1,Arlo Go 2
1,位置情報マーケティング・サービス カオスマップ
1,Backbone One
2,ボーイズクラブ文化
2,ホームプロ
2,Nintendo OSAKA
2,ヒートマップ
2,レーダー
2,反グーグル法
2,Ocean
2,ソリシター君
2,ペット領域ベンチャー カオスマップ 2021年11月版
2,スタートアップバトル
1,E-cat kit
1,CuGo
2,シェア買い
1,F-150 Lightning
1,PegasusTRILL beauty mate
1,VENDIN
2,これから
2,H2H
2,#チーズ
2,Owgi
1,Twitter Data Hub OmusubiVer.3.0
1,MangoDB 0.0.1
1,Knative 1.0
1,Angular 13
1,Pinia 2.0.0
1,Visual Studio Code
1,PageSpeed Insights
1,TypeScript 4.5
1,RStudio on Amazon SageMaker
1,ヘッドレスCMS
1,Amazon RDS Custom for Oracle
1,T-DASHライトオン
1,Trojan Source
2,イカゲーム
2,ラブライブ！
1,dアカウント
1,AVG
1,Avast
2,ノーコメント
1,AirTag
2,疫病リファレンスチェック
2,バックグラウンドチェック
1,AI・AIソリューション
2,ターゲッティング（用途・適用分野）
2,ITロードマップ2020年版
2,ブレインテック
2,IT投資動向調査
2,テクノロジービジョン2020
2,ジョブ
2,30日                                           
1,Oracle OpenWorld
2,方法論
1,Java FX 2.0
1,Slack コネクト
1,APM
2,FAKE?
2,アスクル
2,2013年
2,白い恋人
1,コンテナオーケストレーションプラットフォーム
2,モンテディオ山形
2,質問攻め
2,Tokyo
2,コスプレ
1,Robots
2,2022年
2,スマート
2,小売業
2,11月8日
1,OpenStack Platform 14
2,Z世代
1,CY8ER
2,DX推進とRPA導入
2,デジタルデータの収集・活用
2,大企業
1,HP DesignJet Studio
1,Alexa
1,CSS
2,京大
2,Java Day Tokyo 2014
2,パッチ
2,最大52倍
2,FAQ
1,kernel
2,7
2,44回
2,キツ
2,Design
1,Retty
2,スピード不足
1,Zend Studio
2,Universal
2,23年
2,DoS攻撃
1,Eclipse Xtend
1,Hadoop
2,解約金なし
2,期間中
2,糖尿病
2,アプリ開発会社
1,触覚グローブ
2,厳重注意
1,ENdoSnipe
1,サントリー食品
1,コンピュータ
1,データ処理
1,リスクインテリジェント
2,データサイエンス
2,データ保護
1,いびつさカスタマーサービス
1,拡張機能
2,スマ
1,Grapher
2,プラクティス
1,git
2,31年
2,法人向け
2,withコロナのテレワーク実態調査
1,Surface Pro
2,October
2,インタラクション
2,信頼性
2,徳丸
2,3.5倍
2,満
1,クラウドWi-Fi
1,OEM
2,一番いいのを頼む
1,ビッグデータ
2,知らなかった
2,名大
1,CoffeeScript
2,1月
1,DBMS
1,MUFG
1,PyTorch 1.0
2,タイトー
2,TIME LINE
1,pbcopy
2,キャリアアップ
2,オムニコマース
2,利活用
2,WITH
2,社会貢献
2,近代五種
2,リール
2,冷感
2,人口カバー率96％
2,過去作
2,開発効率が良くなる検索方針
2,アスリート
2,ソリューション
2,民主化
2,データ転送
2,アプライアンス
1,Python
2,配信サービス
2,私を社食に連れてって
1,HOOD
2,ウェビナー
2,ワークフロー
1,SNS
2,北九州市
2,ビジネスモデル
2,物理的
2,グループ会社
2,地球外少年少女
2,3枚
1,Windows as a Service
2,開発支援
1,InputMan for Silverlight 1.0J
2,最強
2,エンジニアに安住の地がなくなってきている
1,KYOKO
2,15周年
2,深層学習
2,The The
1,cospa
2,ものづくり
2,直感的
1,LCD
1,電子書籍
2,258回
2,意思決定
2,キャプチャー
1,KVM
2,専門家
1,EPYC
2,脆弱性
1,RICHICA
1,空飛ぶクルマ
2,音響対策シミュレーション7割
2,1年間
2,アップロード
2,経理部門
2,ライブ配信
2,実装計画
2,エクストラ
2,IBM
2,ソースコードは全て公開が条件
2,オンプレありき
2,技適
1,Genius Bar
1,FX
2,小さなIoT
2,100％内製は難しい
2,4位
1,Visual Basic .Net
2,IoT&AIを学びRaspberry Piでプロトタイプを作り上げるツクレルの教材とは？
1,オーディオブック
1,MIERO
1,DLsite
1,Kinect
2,21-Oct
2,ライトオン
2,5G
2,ハイブランド
2,商品開発の哲学
1,WebLogic
2,IPA
1,WebKit
2,ソシャゲ
1,salesforce
2,技術力
2,17か月
2,自社の成果物をOSSとして公開しよう
1,仮想マシン
1,シェルスクリプト
1,検索システム
2,デジタル・データ
1,Java SE 7
1,SCRIPT
2,本気のSDGs
2,顔認識
2,AirPlayミラーリング
2,フルHD
2,遊び心
1,Heroku
2,手術室
1,MongoDB
2,成長戦略
2,テレビ放送
2,インポート
2,クラウド型SIEM
2,vendorDX白書2021
1,Dyson Limited
1,Xbox
2,6月
2,成功率
1,InputMan
2,仏
1,Java
1,BI
1,RUBY
1,PR TIMES
1,Einstein
2,21H2
2,データ型
2,制作会社
2,特別賞
2,3日
2,マルチプレイヤー
2,E2
2,自治体、企業がオープンソースに取り組むべき理由
1,PowerShell
1,EAP
2,1時間
1,Bored Ape
2,25万円／30日
2,モバイルファクトリー
1,WebSocket
2,Windows Server 2019
2,NTTデータ
2,楽天市場
2,インサイダー取引
2,CA
2,包囲網
2,釜山
2,アプリ開発
1,iPad
2,行政IT
2,契約者
1,Surface Laptop Studio
2,せん茶SNS
1,Ｇ−ＳＴＡＲ
2,12万円
2,日本
2,滞在時間
2,チャットbotの導入
1,AISCEAS
1,BPF Type Format
2,ミクシィ
1,GPT-3
2,統計学
2,脱エクセル術
2,100倍
2,ZERO
2,MS
2,分散クラウドアジャイル開発
2,キヤノン
2,要件定義
2,テレワーク環境の変化
2,稼働率
1,WebCharts3D 5.3J
2,リアル
2,PDF
2,ソネット
2,副社長
2,共通フレーム
2,営業DX
2,R3
2,ALTERNATIVE
2,データモビリティ
1,Singleton
2,メッセ
2,オフィス内の会議室
2,3つ
2,ON
2,YouTube Premium
2,自社
1,ARC
2,アップグレード
2,20-May
2,ハイブリッド教育
2,スーパーマリオブラザーズ
2,オンライン研修PR
2,問題解決
2,フォトフレーム
1,Google Web Elements
2,サービス・プロバイダ
1,CROWD
2,コンタクトセンター
2,6割
1,FG
1,音声チャットボット
2,経営資源
2,3密回避
1,iCloud
1,Java 15
2,需要予測
2,香港
2,CV
2,不正アクセス
2,日立製作所
2,人口カバー率
2,富岳
2,推進中に生まれた課題
2,利便性
2,会議で一切発言しない“沈黙マン”は『Web会議』で増えた
1,Wi-Fi 6
2,課題解決
1,ERP
2,東工大
2,HP
2,メタバース
2,2倍
1,Delphi Prism 2011
1,BCP
2,意識調査
2,5分
2,個性派
2,自動運転
1,povo
2,一時避難
1,D-Lenz
2,農業現場
2,重要性
2,機械の脳
1,IT
1,Scala
2,新規契約
2,北米
2,盛
2,6s
2,新ブランド
1,Aurora
2,ギガ超え
1,Neo
2,6週目
2,テスト自動化
1,Oisix
1,Azure OpenAI Service
1,Android標準ブラウザ
1,iPhone XR
2,読みたい
2,Go
2,日本法人
2,DR
1,EDR
2,マイ
2,多要素認証
2,ジャパン
1,DuckDuckGo
1,SoC
1,Adobe
2,5位
1,Oracle
1,HTML5プロフェッショナル
2,Twitchアプリ
2,ソースコード
2,効率的
2,富良野市
2,量子アニーリング
2,実態調査
1,UX
1,Cluster
1,Alder Lake
2,通信障害
2,トリプルボトム
2,スナップ
1,Unity
2,内製化
2,第二種
2,フランス
1,Core
1,INSEL STORE
2,後進国
1,RDBMS
2,ソニー
2,代理店
1,JCB
1,Xsan
1,Firebase
1,App Store
2,実用化7割削減
2,検討4カ月、移行2日
1,GDP
1,SAP on Google Cloud
2,AIバックアップツールの提案活動
2,経営者
2,ミニ・トマト
1,JSF
2,2018年
2,坪田信貴
1,Apache
1,Rakuten Hand
1,JavaOne
1,Alma Linux
2,ガートナー
2,偏差値
2,トッパン・スポーツサイエンスラボ
1,Java SE 11（JDK 11）
2,123456
2,オンプレ
2,ロボット犬
2,ランチミーティング
1,Growth
2,導入事例
2,REAL
1,ML
2,80%
2,700万人
2,見える化
1,Red Hat OpenShift Container Platform
2,近畿大学
2,八子知礼
2,展示会
1,Chrome
2,非表示
2,一元管理
2,シンガポール
2,投票結果
2,石倉
1,RFP
1,Webサイト
2,演算子
2,FBI
2,iPhone
1,GPT
1,Ape
2,電通デジタル
1,CBL
2,Pixel 6
1,CDP
2,2000人
2,Win
2,設計書
2,硫黄
2,経営陣
2,資金・口座管理
2,自社ＨＰを検索エンジン上位に表示させる【極意】を伝授オラクル
1,Fedora
2,互換モード
2,ペルソナ5
2,スパイ活動
2,解決策
1,BlackMatter
2,第二種指定
1,Windows Server 2012
1,Docker
2,5割
1,Chaos
1,ROI
2,LISA
2,河原
2,学食
2,リスク管理
2,AR
1,Tips
1,Snapdragon
2,アテックス
2,17LIVE
2,4件
2,活動再開
2,オーケストレーション
2,自社ネットワークインフラ
1,RubyCocoa
2,コラボ
2,3月
2,行政指導
2,川越
2,PHP技術者認定機構
1,Windows Update
2,6G
2,ホウ素
2,D2
2,ふくおか
2,対象期間を勘違い
2,EXPRESS
2,DX実践手引書
1,Adobe MAX
2,特許庁
2,ティム
2,6種類
2,専門機関
2,700点
1,Delphi
1,Sybase
2,サブスクリプション
2,アプリとインフラの変革
2,馬田
2,USJ
2,アジア
2,Enterprise
2,加盟店
2,1日
2,ウルトラギガモンスター＋
1,Wi-Fi 7
1,HTML
2,SAMURAI
2,バリュー・チェーン
2,Interop Tokyo
2,コンバージョン
2,アニーリング
2,5人
2,オフショア開発
1,ReVIEW
2,SMS
2,tweet
2,立命館大
2,自ら考えて行動する子
2,オープンソースライセンス
2,3か月
2,契約満了月
2,1回
2,ツール
2,トレジャーデータ
1,FSF
2,Amazon
2,北海道ガス
2,DX時代に必要とされるエンジニア
2,亀井
1,Hack
2,商品情報
1,iBooks
2,冗長性
2,スクリプト言語
1,Windows Virtual Desktop
2,日本進出
2,widget
1,Catalina
2,8000円
1,CLOUD
2,複数メディア
2,オプト
2,さとふる
2,Live
1,RFC
2,適切な準備
2,ランサムウェアへの対策
2,ゲリラ豪雨
2,うるさい
2,CHEESE CAKE
2,イマ
2,draw.io
2,新しい働き方
1,Progress
1,PowerGres Plus
2,中国
2,CASBEE
2,Unicode
2,仮想化
1,OpenShift
2,人材不足
2,トップ3
2,電通テック
2,前準備
2,Web
2,Mac
2,Photoshop
2,フリービット
1,SaaS
2,セキュリティ対策
2,2
2,情報システム・モデル取引・契約書
2,電子署名
2,増収増益
2,2000年
2,情報管理
2,日立
2,顧客情報
2,Webページ
1,Socl
1,YAPC
1,DB PowerStudio XE2
2,韓国
2,ER
1,Ruby
2,街中
1,CEO
1,紙・Excel業務
1,Milestone
1,POS
2,食品サンプル
2,ブランディング
1,Windows Azure
2,今増えているサイバー攻撃
1,KARTE Entry Series for EC
1,Java SE 12（JDK 12）
1,ALMA
1,for
1,ITS
2,業務改善
2,林雅之
1,Mobage
2,May
2,1月18日
2,漫画家の名刺代わりに
1,Larry Wall
2,アジャイル開発
2,EV
2,Amazon Go
2,外部ソースへのリンク
2,ユニケージ開発手法
2,LINE
2,シャープ
2,河原の小石
2,iOSアプリ
2,Instagram
1,HipHop VM
2,従量課金制
2,言語モデル
2,ありき
2,根深すぎる課題
2,20倍音声チャットボット
2,8時
2,101will
2,内見
2,マルチコア
2,Androidアプリ
2,WEEKEND
2,変化の達人
2,ファイル共有
2,問題点
2,Team S
2,Zabbix
2,1億
2,地域経済バックアップツールの提案活動
2,Twitter Japan
2,リスク管理と監査は改善する必要がある
1,Parse PHP SDK
2,高市
1,RPA
2,1回見積もれば終わり
1,AQUOS zero6
2,ポケモンGO
1,Java EE 7
2,フィッティングルーム
2,257回
2,MI
2,データベース管理システム
1,OpenVSCode Server
2,新サービス
2,マイナンバーカード
2,5年
2,キン
2,無線LAN
2,16日
2,PayPay
1,Google Chrome
2,同性婚
2,なぜ日本政府が作るソフトウェアは使えないモノばかりなのか？
2,Intel
1,CentOS
2,祝
1,JAL
2,電通
2,試験導入
2,絶対的
2,client
2,カスタマー
2,パルプ・フィクション
1,Kubernetes
2,イカゲーム
2,デンソー
2,事業計画
2,信託銀行
2,王子
1,KPI
2,Zend Guard日本語版
2,GPS  
2,最適化絶対王者
2,契約解除
2,呪い
2,日本の行方
2,スターバックス
2,データ管理
2,20GB
2,ランサムウェア
2,脱広告モデル
2,米大統領
2,夏彦
2,研究グループ
2,USBメモリ
2,不都合な真実
2,Y!mobile
2,QRコード
2,HTTP
1,MySQL 5.6
1,Google
2,OpenStack
1,Movable Type
2,ガワ
2,override
2,カスタムコントローラー
2,今すぐ
2,Operator
2,ノーベル賞
2,エンゲージメント
2,Swift
2,古い無線LAN
1,IRB
2,ワンタイムパスワード
1,Snapeee
1,PHP
2,大規模障害
2,agile
2,14回
2,Linuxシステム管理入門
2,ポール
2,振返り
2,通販サイト
2,ディオール
2,ショッパー
2,ゴードン・ベル
2,研究スキル売買
2,提供開始
2,Webサービス
2,3つの共通課題
2,Perfume
2,7週目
2,縦組み
2,検索エンジン
2,スマートフォン市場
2,開発コンサルティング
2,先端技術
2,ラブライブ！
2,スポーツイベント
1,CURL
1,Zend Studio 7日本語版
2,顧客エンゲージメント
2,国際規格
1,Xeon
2,13年ぶり
2,10月
2,STORES プラットフォーム
2,NoSQL
2,ゼロデイ
2,Recordクラス
2,ダッソー・システムズ
2,役に立たない
2,CHEESE WONDER
2,My Book Thunderbolt Duo
2,3つの目的
2,4分
1,Windows 8
1,osascript
2,サイボウズ
2,電子版
2,WORLD
2,Uber Eats
2,Akamai
2,2027年
1,NVIDIA
2,100kg
2,認証
2,As
2,デジタル遺産
2,これからUbuntuの利用が日本企業で加速する
2,1月11日
2,サードパーティ
1,Java SE Subscription
1,VoLTE
2,雇われハッカー
1,HTTPS
2,音楽CD
2,Enterprise Mode
2,メルカリ
2,サイバー攻撃
2,7年
2,20分
1,Java 17
2,ネットショップ
2,
2,Rubyアソシエーション
2,漫画家
1,Adobe Real-Time CDP
2,x64
2,矢澤
1,Niantic
2,グロースマーケティング
1,Microsoft
2,Sencha
2,ワケ
2,新型コロナウイルス
1,Snowflake
1,Fedora 29
2,プッシュ通知
2,PDFファイル
2,HALLOWEEN PARTY
2,AQUOS
2,数学
2,Pixel
2,複雑過ぎてベテラン頼み
2,D2C
2,Webブラウザ
2,資本提携
2,PCとSaaS
1,Azure
2,KARTE
2,究極の大規模光量子コンピュータ
2,10秒
2,プログラマブルビデオ
2,チャットボット
2,専門店
2,未定
2,VLAN
2,7日
2,Duo
2,日本オラクル
1,RTM
2,ラブライブ!
2,研究のために渡米した理由
2,出光
2,Life-X
2,システム障害
2,戦略論
2,Windowsファイル共有
2,間接的
2,物理
2,3Dセキュア
2,サイバー犯罪
2,Source
2,アクセス解析
2,契約満了
2,クックパッド
2,AWS
2,三木谷
2,Ubuntu 21.04
2,Sun
2,EOS R3
2,11月
2,楽なバイト
2,テキストマイニング
2,ダイアログボックス
2,無駄なものをつくらない
2,パーパス
2,Halo Infinite
2,SCS
2,4か月
2,再開
2,NECグループ
2,AIR
2,関東
2,SHUFFLE!
2,リバーシブル
2,Javaの生みの親
1,Geo Analysis
2,身近
1,AQUOS R2 compact
2,Ziddyちゃん
2,showrooming
2,DevOps
1,AQUOS zero
2,Eclipse Foundationを選択
2,従業員
2,責任共有モデル
2,DeepL翻訳
2,SQL Server
2,小江戸
2,誤検知
2,DXの取り組み状況が投資に影響を与えている
2,7回
2,モノのインターネット
2,更新プログラム
2,2.3倍
1,CodeGear
2,Kyoko
2,I★RISH
2,先頭に立つ
2,情報セキュリティ
2,第一
2,開発者は本来の仕事に集中できる
2,楽天モバイルの23年単月黒字化は十分可能
2,JavaOne 2012 San Francisco
2,Edge Tools & Services
2,Cassandra
2,お題
2,久保田
2,デジタルファースト
2,ゴードン・ベル特別賞
2,静音
2,Cloudflare
2,AMD
2,子会社化
2,EC
2,和もん
2,Spring Cloud GCP
2,8年
1,NullPointerException
2,10の理由
2,GMOインターネット
2,Cosmos
2,Fx
2,EOS
2,99.99
2,正弥
2,Silver
2,部分月食
2,osa
2,筑波大
2,決定版
2,日本企業カスタマーサービスDX
2,戻り値
2,リアルな声
1,Java SE 10／JDK 10
2,Rocky
1,SAP S/4HANA
2,HoloLens
1,SSD
2,電動化
2,11g
2,IO
2,ミッキーマウス
2,ランサーズ
2,ドコモ
2,J2
2,3割
2,運営委員会
2,コマンドライン
1,Slim3
2,小田急電鉄
1,拡張しにくいHCI
2,Digital
1,小林製薬
1,生産性
2,自動決算処理
2,Samurai Toolkit
1,オープンイノベーション
2,テーブル
2,宅配クリーニング
1,Metro UI
2,CAPA
2,ハイブリッド会議
2,効率化
1,Docker Enterprise 2.1
2,クロージャ
2,理想
1,SMG
2,再利用
1,DRM
2,初期化
2,2025年
2,達人出版会
2,安全保障
2,アンダーアーマー
2,CC
1,BOPIS
2,木こりのジレンマ
2,ソーシャルランチ
1,ランタイム
2,開発会社
2,情報システム
2,人材育成
2,ベトナム
1,リモートワーク
1,セキュリティパッチ
2,NRI
1,ServersMan Cast@net
2,2万円
2,合わないチームはいっそ物理的に離そう
1,指紋認証
2,プロパティ
2,グイン・サーガ
1,Rakuten UN-LIMIT VI
2,LVMH Moet Hennessy Louis Vuitton S.A.
1,AZURE
2,闇社会
2,最大級
2,100人
1,NSA
2,ecosystem
2,H2
1,写真共有サービス
2,Project Neo
1,トラストネットワーク
1,Movable Type Idea Exchange
2,20周年
2,ケータイ
2,プライマリ
2,全固体電池
2,日本社会のDX
2,ソフトウェア開発
2,マーケットプレイス
2,2年使う場合
2,動画編集
2,森
2,モバイルアプリ
2,宮城県
2,電脳コイル
1,iOS
2,コリンク
2,9月
2,正解
2,忙しいからアジャイルができない
1,インベスターズ
1,vendor
1,ネットワーク仮想化
1,CMOS
2,25万円
2,SIEM
2,実質0円
1,Google Alerts
2,特別編
2,フリーランス
2,レコメンド
2,現実
1,DeployGate
2,Breed
2,IDC
1,PlayStation 5
1,ControlFlag
2,DB2
2,浩
1,UI
2,ギガモンスター
2,契約書
2,GMO TECH
2,行
2,10日
2,Black Friday
1,Facebook
2,例外処理
2,今すぐ解決したい
2,新宿
2,ＩＴエキスポ
2,スペースデブリ
2,RESET
2,基調講演
1,Titanium
2,アバター
2,KLab
2,カゴメ
1,MySQL Cluster
2,出前館
1,API
1,Java SE
2,不正ログイン
2,望まない出社を強制されたら転職を考える
2,凸版印刷
2,バッチ処理
1,Flash
2,飲食店
2,DOMINO
2,2回
2,電子帳簿保存法
1,Microservices
2,オルタナティブデータの壮大なトライアル空間
1,InterBase
2,安定感
2,スタートアップ on Heroku
2,明治安田生命保険
2,なのか
2,学校
2,TSMC
2,日本語版
1,Oracle Database XE
2,茨城県
2,100万円
2,のぞき見
2,設計段階から見据えた対策
2,学校は身代金を払う
2,開発中
2,UNICORN
2,日本市場
2,テレワークができない企業の特徴
2,Mate
2,SaaS主義
1,Mono
2,鮮度不足
2,ZEAL
2,すべてクラウド
1,Elixir
2,講習会
2,8度
2,2019年
2,モダナイゼーション
2,生きた学び
2,ロレアル
2,Perl
2,脅威
2,IDE
1,CMO
2,5万円
2,AIがある2045年の宇宙生活
2,財務状況
2,将来的
2,DS
2,exploit
2,新バージョン
2,PM
1,Mac OS X
2,プレイ可能
2,開志
1,STAR LINK
2,注意喚起
2,バイト
2,IT講座
1,Cookie
1,ITインフラ
2,Mountain Lion
2,裏世界ピクニック
2,ポイント還元
2,16時間
2,MNP
2,10倍
2,5発
2,インメモリ
2,フォスター電機
2,社会人
2,再インストール
2,大量発生
1,WebGL
2,サラダバー
2,アンケート回収率5割以上
2,1年
2,Tableau 2021.1
1,Visual Studio Code
2,VoLTE国際ローミング
1,Avast
2,データセンター
2,サイバー攻撃から復旧できる自信なし
1,OCR
1,CPU
1,HDD
2,創業者
2,旭
2,メールセキュリティ製品
2,突貫工事
2,SBI証券
1,ネットワークインフラ
2,ロシア
2,JAXA
2,モバイル市場の競争環境に関する研究会
2,NTT
2,SUPER MARIO BROS.
2,共通点
2,MATTER
2,5億円
2,クラウドネイティブは正義だ
2,SENSE
2,デプロイ
2,バイデン
2,バンダイ
2,キャパ不足
2,熊本
2,あなたに
2,デジタル化
2,台湾
2,売上高
1,OpenFlow
2,アジアの要
2,Parse
1,Edge
2,○○ウェブ
2,2次
2,コンフィデンシャル/共助
2,2B
2,のどごし
2,日本工学院
2,人脈の情報共有
1,PowerShell 7.2
1,NULL
2,Vol.4
2,1位
2,本当の費用日
2,エクスペディア
2,技術者
1,LTE
2,12月8日
1,Java EE
1,Rocky Linux
2,合理化
2,BORED
2,ISID
2,納期だけは決まっているので、よろしく！
2,Disney
1,Linux kernel 4.19
2,担当者
2,関氏
2,開発の民主化
2,バッチリ見える
1,Helidon 2.0
2,開発プロセス
2,ハイスペック
2,アクティブ
2,商品開発
2,四則演算
2,野菜あるある
2,SE
2,Twitter乗っ取り
2,BLACK
2,San Francisco
2,カレー
2,Japan
2,7割
2,007 スカイフォール
2,PDCAサイクル
2,MT
2,個人情報
2,セキュア
2,顧客主義
2,データ分析
2,財務会計
2,SLA
2,目を瞑ることを見つめ直す
2,評価額
1,Cortana
2,電通大
2,メルマガ
1,JSP
2,デジタルマーケティング配信するだけ
2,アクティブディフェンス
2,2023年
2,日本航空
2,このQRコードを読み取ってくれないか
1,マイクロソフト
2,IT企業
2,10周年
2,会社説明会
1,Adele
1,Flash Builder 4.5
2,業務課題とRPA活用
2,DNS
2,サブネット
2,ビジネスサイエンス
2,Trickbot
2,IDENTITY
2,Julia
2,VM
2,STEM
2,ノーベル物理学賞
2,CRD
2,null安全
2,101W
2,吉祥寺
2,4月26日
2,エバンジェリスト
2,近未来
2,Hack For Japan
1,Wi-Fi 6E
1,HTML5 Builder
2,純利益
1,ECサイト
2,2000円
2,ミラーリング
2,アプリ
2,指南書
2,AI・データ活用
2,東京エレクトロン
2,広告宣伝費
2,100%
2,ファッションテック
2,経産省
2,リモートデスクトップ
2,PPAP
2,東大
2,参加者
2,Lenet
2,コロナ禍
1,Raspberry Pi
2,4倍
1,Windows
2,Hey
1,Flex
2,Caede
2,Zerto
1,PC
2,緊急通報
2,3万円
2,GA
2,2500人
2,認定試験
2,8コア
2,30秒
2,実証実験
2,危機感
1,Retina
1,BALMUDA Phone
1,AI
2,amazon.co.jp
2,HoloLensPR
2,統合開発環境
2,音声認識
2,Google検索
2,システム開発
2,国際ローミング
1,VPN
2,成果物
2,脱Cookie
2,JAPAN
1,Edge Reflow
2,CTC
1,Java EE 8
2,SFA
2,まつもと
2,まつもとゆきひろ
1,JIS規格
1,量子コンピュータ
2,June 2021 Update
2,調査報告
2,IaaS
2,マカフィー
2,大転換
2,RAdIO
2,ファーストリテイリング
2,平野氏
2,MOD
2,NEC
2,データとストレージの利活用
2,5S
2,OVER LORD
2,etcd
2,スカイフォール
2,TO
2,8万円
2,11兆円
2,キーパーソン
2,量子暗号
2,理研
2,き
1,malware
2,都心部
2,Web会議
2,SCSK
2,pbpaste
1,API v2
2,Spring
2,The Order Made
2,行動規範
2,費用対効果
2,宇宙飛行士
2,スペースX
2,中島聡
1,Flex 4.5
2,新情報
2,米
2,Clipchamp
2,コロナ禍で自分にとっての成功の意味が変わった
1,SQL Server 2008
2,全固体電池味の素
2,具体的
1,iBooks Author
2,金融機関
1,タグVLAN
2,ファッションブランドLINE
1,Android
2,CS5
2,IIJ
2,SDK
2,すぐにアップデートしてはいけない
2,万名
2,OKI
2,フリーアドレス
2,2021年
2,英国
2,業種別空飛ぶクルマ
2,スパゲティ化
2,Eメール
2,ウィジェット
2,テレワーク
2,社内データ
2,工藤勇一
2,コマンドプロンプト
2,西武鉄道
2,対抗策
2,オープンソース
2,2045年
2,supply chain
2,モビリティ
2,Spotify
2,京王電鉄
2,人工衛星
2,ナンバーレス化
2,Prism
2,日産自動車
2,Friend Jam
2,W3C
1,Snapdragon Spaces XR
2,Webデザイン
2,電子楽器
1,Windows 11
2,金銭的
1,Adobe Experience Cloud
2,3位
2,500万
2,編集ツール
2,irb
2,北大
2,ヘッドレス
2,RIA
2,コクヨ
2,AI・データ分析プロジェクトのすべて
1,AirPlay
2,Matz
2,デートコース
2,4冠
2,Thunderbolt
1,Oracle Database 12c
2,領域内
2,sudo
2,技適不適合等
2,4つの保護
2,Kotlin
1,IoT
1,Google App Engine
1,Twitter
2,コネクテッドカー
1,ChromeリモートデスクトップJava EE
2,ヴィトン
2,国立天文台
2,X
2,運用改善
2,超音波
1,Azure DevOps
2,アマゾンって通販のやつ？
2,ユニコーンの100倍
2,オンラインでの契約完結
2,RESTful
2,本当の費用
2,報告書
2,入場料
2,中小企業
1,サブネットベースVLAN
1,クラウドベース
2,日本社会
2,SAP ERP 2027年問題データ分析
2,Internet of Things
2,9800円
2,データドリブン組織
2,男性向け
1,Slack
2,ノー・コード
2,勝訴
2,可能性
2,少年少女
2,会議室
2,Spark
2,2017年
2,Scratch
2,中央病院
1,IBM SmarterCloud Application Services
2,調査結果
2,小柳
2,マルチテナンシーKubernetes
2,PCとSaaSJAL
1,Windows Sysinternals
2,dアカウント
2,ベスト・オブ
2,21日
2,ホットデスク
2,集英社
2,ほぼない
2,Java Day Tokyo 2013
2,ライフログ
2,KDDI
2,コラボレーション環境
2,サポート不満だったら他社へ
1,cloud computing
2,Pokemon GO Special Weekend
1,Linux
2,管理ツール
2,自動化
2,持続可能
2,11月30日
2,Uber
2,情シス
1,Webサーバ
2,涙。
2,脳波計
2,CDO
2,軽量化
2,Everyday Robots
2,卓也
2,HANA
2,DevOps活用状況
2,ローミング
2,テキストブロック
2,国産ロケット
2,10月14日
2,スピンアウト
1,Active Directory
2,セキュリティ界の近代五種
2,ライオン
2,CRIMSON
2,ロボタクシー
2,拡張子
2,若者向け
2,豊田章男
2,P&G
2,テク
2,機械学習とデータサイエンス
2,1年使う場合
2,サイバーエージェント
2,Power Fx
2,Veeam
1,Google LLC
2,温
2,政治と規制
2,チェンバース
2,Lion
2,ATM
2,総務省
2,コントロールパネル
2,社食
2,Domino
2,昔ながらの
2,Rubyセンタ
2,ベストプラクティス
1,Microsoft Build of OpenJDK
2,MIT
2,PaaS
2,Hey Disney!
2,HoloLensメールセキュリティ製品
2,Studio
2,プログラミング言語
2,Kubernetesで運用する
2,大手銀行
2,IT運用管理で本当に必要なもの
2,今後売れる
2,Zoom
2,公式サイト
2,深い関係
2,NullPointerException例外処理分析
2,IBA
2,過去最高
1,MySQL 5.7 Development Milestone Release
2,交通安全
2,fishing
2,Time
1,Visual Studio
2,サプライチェーンセキュリティ
2,広告モデル
2,GOLD
2,60人
2,3年
1,AQUOS sense6
2,新事業
2,ホワイトプラン
2,Rakuten
2,Silverlight
2,V2
2,caroriePR
1,Excel
2,カゴ
2,復興支援
2,R・2
2,間接材・副資材の購買
2,フレンドリー
2,Rubrik
2,ニフティ
2,田園都市
2,FRAMeWORK
1,JavaScript
2,申請可能
2,ロボットフレンドリー
2,業務デジタル化
1,メルペイ
1,OS X
1,楽天モバイル
2,東日本
2,本人確認
2,互換性
2,機械学習
2,ススメ!
1,Surface Pro 8
2,Red
2,2年目
2,Asia
2,グローバル企業
1,Babelfish for Aurora PostgreSQL
1,Snow Leopard
2,永遠に
2,絶対王者
1,No-Design Database
2,ソーシャルゲーム
2,カーボンニュートラル
2,仕様書
2,マルチユーザー
2,最新版
2,GCP
2,完全自動化
2,2月23日
2,Platypus
2,脱ERP
2,CISA
2,コンフィデンシャルコンピューティング
2,ヨネックス
2,テイクアウト
2,HCI
1,Adobe Edge Reflow
1,Firefox
2,ブースティング
2,CNAB
2,ハイブリットクラウドという言葉が要らないほどシームレス
2,成功事例
1,Googleマップ
2,TECH
2,FC東京
2,Shopify
2,ヤマタノオロチ
1,Microsoft Azure
2,ヤマタノオロチ化
2,研究会
2,保守性
2,Oracle Databaseは難しいなぁ
2,アプライアンス空飛ぶクルマ
2,Persona
2,4期
2,悩み相談
2,データ主義
2,7740億円
2,APPLICATION
2,コンストラクタ
1,Adobe Digital Publishing Suite
2,緊急事態宣言
2,CONNECT
2,ID
2,ネットワーク印刷ができなくなる
2,エディオン
2,接続料
2,Dart
1,HTML5
2,Builder
2,品質向上
2,サイエンス
1,プロジェクションマッピング
1,ウェザーニューズ
2,19件
2,デジマ
2,UN
1,スマホ
2,クリーンアーキテクチャ
2,何も信頼しない
2,Pokemon GO
2,ROBIN
1,Windows Server
2,あるある
2,SDGs
2,データローミング
2,顧客獲得の面でもプラスになる
2,ファイルフォーマット
1,Azure Chaos Studio
2,InterBase XE 日本語版
1,OSS
2,冷たさ
2,SAP
2,フロントエンド
2,ヤフー
2,目視確認
2,会員登録
2,隆明
1,HUAWEI Mate 20 Pro
2,Coherence
2,KADOKAWA
2,責任者
2,意見交換
2,トラスコ中山
2,三菱UFJ
2,データベースの脆弱性を最も放置している国
2,TikTok
2,CBL-Mariner 1.0
2,データ共有先から間接的に被るインシデント
2,エンバカデロ
2,暇じゃないと使うのキツい
2,LED
2,3回
1,YouTube
2,オンプレミス
2,モヤ
2,自然言語処理
2,早川書房
2,黒字化
2,uptime
2,無料コンテンツ
2,50km
2,攻撃者
1,WebSphere
1,SQL
1,トロイの木馬
2,Dell
2,アイリッジ
2,Red Hat
2,禰豆子ポップコーンバケツ
1,GitHub
2,November
2,ZIP
2,ネットワーク環境
2,SIM
2,Premium
1,OS
2,拡張性
2,タランティーノ
2,開発者
2,アダストリア
2,ベンダー選定
2,企画力
2,BALMUDA
2,ソフトバンク
2,June
2,日本企業
2,実際に自治体が導入したAI製品
2,京王百貨店
1,MySQL
2,VMインポート
2,安住の地
2,最終回
2,真鍋氏
2,米国
2,クエリ
2,Lionの値段
2,休憩を取る
2,Region
2,ハンコ
1,Ubuntu
2,昭和
2,JDK
2,Nintendo Switch
2,SEO
2,52倍
2,高速化
2,19日
2,デジタルの民主化
2,IE 11
2,世界最大
2,IE
1,Surface Laptop
2,ミドルウェア
2,メディア作成ツール
2,犯罪者
2,Amiga
1,Visual Studio Code Java Pack Installer
2,2日
2,Lagom
2,3D
2,レッドハット
1,Creative Cloud
2,ADVA MAGELLAN
2,経済安全保障への対応が不十分だった
2,富士通
2,実効性
2,IT自動化プラットフォーム
2,貢献度
1,iPhone 8
2,海外データローミング
2,人生100年時代
2,EIMANAGER/Web
2,トレンドマイクロ
2,CA LISA中国
2,YAPC::Asia
2,ISS
2,The Startup
2,情報デザイン
1,Smart Watch
1,MySQL 5.1
1,Shellshock
2,カスペルスキー
2,新常識
1,DB
2,仮想空間
2,特別委員会
2,入力支援
2,800円
1,Windows 10
2,Trojan Source
2,補正予算
1,Code for Japan
2,Retina時代
2,視覚・聴覚が送れるなら味覚もできるはず
2,9割
2,?3
2,印刷会社
1,OS X Lion
2,勉強会
2,ロー
2,先進国
2,ChatWork
2,無罪
1,ENdoSnipe ver.4.5
2,違
2,サイバー局
2,運び屋
2,高橋氏
2,R言語
2,大きなDX
2,はじめの一歩
2,Emotion
1,Wi-Fi
2,大手企業
2,販売再開
2,12月
2,有機EL
2,量子ビット
2,Adobe CS5のコンセプトはワークフローの改善
2,ロケット打ち上げ
2,共同開発
1,Apple
2,超高速
1,RAMディスク
2,破壊しそこねたものでは
1,Visual Studio Team Services
1,EXCEL
2,Visual Basic
2,コツ
2,横浜ゴム
2,線路は続くよどこまでも
2,Twitch
2,2年
2,コンパネ
2,顧客満足度
1,Azure Machine Learning
2,OS XのRetina化
2,TOKAIコミュニケーションズ
2,敏腕女性IT幹部
2,コンピューティング
1,SQL Server 2019
2,デジタルマーケティング
